日期,股票代码,开盘,收盘,最高,最低,成交量,成交额,涨跌幅,换手率
2025-06-30,002371.SZ,433.97,442.21,448.5,433.0,53764,2386027918.0,-0.2458831491089608,
2025-07-01,002371.SZ,442.6,443.3,446.0,440.11,25935,1151139697.0,1.4137994143484711,
2025-07-02,002371.SZ,444.8,437.12,444.99,435.33,29661,1300351171.0,33.19925648292043,
2025-07-03,002371.SZ,325.6,328.17,328.99,320.22,40671,1325363604.0,-2.0826495598985417,
2025-07-04,002371.SZ,326.99,335.15,341.51,326.01,72858,2435754119.0,0.7424552122159422,
2025-07-07,002371.SZ,337.3,332.68,337.98,331.8,37392,1251226364.0,-0.3862622391232806,
2025-07-08,002371.SZ,334.1,333.97,334.83,330.02,38760,1290041124.0,0.8515778348180625,
2025-07-09,002371.SZ,333.0,331.15,340.5,331.0,43889,1467527246.0,0.40020616681319954,
2025-07-10,002371.SZ,330.99,329.83,332.0,324.0,45895,1503491144.0,-0.3022700480609375,
2025-07-11,002371.SZ,330.0,330.83,332.26,327.6,37333,1233345451.0,2.048181621888401,
2025-07-14,002371.SZ,330.0,324.19,330.45,323.8,38761,1262181589.0,0.2690832611654148,
2025-07-15,002371.SZ,324.02,323.32,327.27,322.04,41226,1336035967.0,0.766689521909858,
2025-07-16,002371.SZ,322.5,320.86,325.36,320.6,35953,1158400393.0,0.7093534212178287,
2025-07-17,002371.SZ,320.0,318.6,321.0,314.33,62914,1994848541.0,-2.0265075801838894,
2025-07-18,002371.SZ,320.0,325.19,330.33,320.0,81166,2640128074.0,1.6059990626464682,
2025-07-21,002371.SZ,324.8,320.05,324.8,318.0,59914,1916211404.0,-0.6487862420065715,
2025-07-22,002371.SZ,318.71,322.14,322.29,315.5,71052,2264875032.0,-2.8235294117647136,
2025-07-23,002371.SZ,322.37,331.5,334.55,319.8,119131,3925520266.0,-2.111324376199608,
2025-07-24,002371.SZ,331.44,338.65,339.08,330.5,72085,2427450272.0,-0.9679494677740097,
2025-07-25,002371.SZ,338.0,341.96,341.96,333.6,62366,2104629927.0000002,-0.49177942674232256,
2025-07-28,002371.SZ,341.96,343.65,344.36,337.18,55965,1915727513.0,-0.33063603932830254,
2025-07-29,002371.SZ,341.96,344.79,345.36,335.0,73159,2504453916.0,-1.2628865979381398,
2025-07-30,002371.SZ,343.99,349.2,355.6,342.16,85627,2995457527.0,4.17661097852029,
2025-07-31,002371.SZ,349.19,335.2,350.0,334.16,93437,3174856343.0,1.637355973317156,
2025-08-01,002371.SZ,334.0,329.8,335.88,327.2,55443,1834605664.0,0.4691403156035001,
2025-08-04,002371.SZ,328.11,328.26,331.88,325.81,46331,1520892066.0,-0.07305936073059849,
2025-08-05,002371.SZ,329.24,328.5,331.7,325.5,49294,1620486785.0,-0.9288859400446325,
2025-08-06,002371.SZ,328.85,331.58,332.0,326.3,49329,1622348260.0,-0.38753867876348824,
2025-08-07,002371.SZ,333.0,332.87,335.92,329.18,57115,1901302494.0,1.1486219575192358,
2025-08-08,002371.SZ,332.0,329.09,333.95,328.75,36308,1200523377.0,0.7315580042852821,
2025-08-11,002371.SZ,328.0,326.7,329.44,326.0,47224,1546101254.0,-1.6704288939051959,
2025-08-12,002371.SZ,327.0,332.25,334.41,325.99,70731,2340166575.0,0.28372219371586294,
2025-08-13,002371.SZ,333.18,331.31,334.16,329.16,58260,1929394334.0,-3.0293274015102845,
2025-08-14,002371.SZ,332.36,341.66,349.5,332.36,128315,4399512083.0,-0.10817764523578521,
2025-08-15,002371.SZ,341.0,342.03,343.69,334.89,74409,2527229221.0,-1.4947295662692373,
2025-08-18,002371.SZ,343.67,347.22,349.5,339.39,87378,3016123969.0,2.1355453582774686,
2025-08-19,002371.SZ,346.9,339.96,346.9,339.7,67809,2321505357.0,-3.0043653171274554,
2025-08-20,002371.SZ,337.72,350.49,351.86,335.16,93680,3217084494.0,-2.9059781705357612,
2025-08-21,002371.SZ,350.49,360.98,368.0,348.5,158872,5722309188.0,-5.847678664580059,
2025-08-22,002371.SZ,360.8,383.4,389.03,360.62,188994,7166056652.0,0.873500315722997,
2025-08-25,002371.SZ,394.28,380.08,402.57,374.79,195662,7528268363.0,-0.7624020887728511,
2025-08-26,002371.SZ,378.0,383.0,388.48,373.12,116875,4453880074.0,2.5435073627844806,
2025-08-27,002371.SZ,380.0,373.5,389.11,373.12,145678,5576008346.0,-5.902804020860097,
2025-08-28,002371.SZ,372.5,396.93,398.22,372.01,179219,6917787836.0,6.558389261744968,
2025-08-29,002371.SZ,380.0,372.5,381.59,362.0,241985,8973457004.0,-1.4132966334956532,
2025-09-01,002371.SZ,377.0,377.84,380.24,367.1,156270,5851831763.0,-0.1770098544292109,
2025-09-02,002371.SZ,377.0,378.51,387.86,372.0,167751,6387709150.0,1.3603620491122737,
2025-09-03,002371.SZ,378.51,373.43,378.96,369.46,95694,3579813417.0,6.4054708647955705,
2025-09-04,002371.SZ,371.0,350.95,371.7,345.0,144363,5148558944.0,-1.7717196596506946,
2025-09-05,002371.SZ,350.95,357.28,358.8,346.0,98061,3445576657.0,-3.542116630669545,
2025-09-08,002371.SZ,355.0,370.4,371.0,353.02,110252,4006504304.0,1.8449778657647853,
2025-09-09,002371.SZ,368.8,363.69,371.8,358.08,88825,3234164665.0,-1.2248777838131386,
2025-09-10,002371.SZ,363.79,368.2,370.26,363.79,78342,2883617470.0,-2.448071216617209,
2025-09-11,002371.SZ,366.1,377.44,381.6,364.8,116268,4356039496.0,0.10608953957138567,
2025-09-12,002371.SZ,377.45,377.04,383.5,375.28,76863,2913922991.0,-0.7789473684210457,
2025-09-15,002371.SZ,382.41,380.0,383.04,376.01,71171,2702886089.0,0.5663473244058581,
2025-09-16,002371.SZ,378.08,377.86,382.96,376.38,76006,2883481467.0,-2.961041629214922,
2025-09-17,002371.SZ,374.0,389.39,395.0,369.55,128259,4936736952.0,-4.491047338729459,
2025-09-18,002371.SZ,391.78,407.7,427.9,389.91,181018,7400832443.0,1.4179104477611837,
2025-09-19,002371.SZ,408.2,402.0,413.02,400.99,102377,4148206722.0,-2.592682335837171,
2025-09-22,002371.SZ,401.54,412.7,418.8,398.25,103310,4230370235.0000005,-1.456542502387781,
2025-09-23,002371.SZ,417.67,418.8,422.05,405.0,99393,4102849098.0,-9.090909090909093,
2025-09-24,002371.SZ,422.0,460.68,460.68,419.79,187053,8298813538.0,1.5496528160476197,
2025-09-25,002371.SZ,469.33,453.65,469.33,442.02,174734,7924529592.0,0.18772084805653844,
2025-09-26,002371.SZ,451.0,452.8,462.0,448.4,109475,4986231608.0,-1.350762527233118,
2025-09-29,002371.SZ,450.8,459.0,459.0,439.05,126631,5691643317.0,1.467857458661248,
2025-09-30,002371.SZ,457.96,452.36,463.39,450.0,121454,5547344069.0,-1.2422224647964164,
2025-10-09,002371.SZ,457.0,458.05,473.66,452.81,170387,7896071555.0,4.60150719342316,
2025-10-10,002371.SZ,449.97,437.9,454.44,432.0,143861,6378588881.0,0.4818724185406076,
2025-10-13,002371.SZ,424.0,435.8,442.72,422.01,100473,4370946370.0,8.407960199004982,
2025-10-14,002371.SZ,441.15,402.0,442.72,398.0,161220,6694611632.0,-2.517095882438525,
2025-10-15,002371.SZ,405.5,412.38,413.55,395.54,108559,4401461163.0,0.4115025931968219,
2025-10-16,002371.SZ,412.0,410.69,418.78,407.34,67135,2769361327.0,2.8190170993666053,
2025-10-17,002371.SZ,408.0,399.43,409.8,398.08,72357,2912106841.0,-0.18242702918832565,
2025-10-20,002371.SZ,406.0,400.16,411.0,398.23,77460,3129711487.0,-2.039217606306143,
2025-10-21,002371.SZ,402.72,408.49,410.93,401.2,75398,3070526731.0,1.0138727466060038,
2025-10-22,002371.SZ,405.0,404.39,407.68,400.0,57612,2323529327.0,0.2007037018682878,
2025-10-23,002371.SZ,401.28,403.58,404.88,396.52,47542,1901674774.0,-2.704918032786896,
2025-10-24,002371.SZ,406.02,414.8,417.6,406.0,89560,3698285803.0,-3.332556513633189,
2025-10-27,002371.SZ,422.3,429.1,433.47,418.63,112345,4785159728.0,0.7276995305164347,
2025-10-28,002371.SZ,427.0,426.0,432.97,423.52,72910,3124556589.0,0.5618242764741987,
2025-10-29,002371.SZ,425.98,423.62,427.25,418.05,64986,2741001165.0,1.9542719614921822,
2025-10-30,002371.SZ,423.0,415.5,423.62,415.0,73012,3053149211.0,2.0759120501166795,
2025-10-31,002371.SZ,415.6,407.05,420.23,404.0,75113,3074611951.0,1.508728179551122,
2025-11-03,002371.SZ,406.2,401.0,407.0,390.03,83428,3311247295.0,-1.092667044865947,
2025-11-04,002371.SZ,401.0,405.43,410.46,397.8,77904,3161194010.0,2.1671748607716257,
2025-11-05,002371.SZ,397.0,396.83,404.89,394.0,54771,2174887197.0,-3.4476885644768918,
2025-11-06,002371.SZ,399.0,411.0,413.57,399.0,77330,3153474538.0,-0.6646525679758319,
2025-11-07,002371.SZ,407.6,413.75,420.0,406.7,74528,3088394964.0,-0.4666939305732587,
2025-11-10,002371.SZ,413.75,415.69,427.0,410.64,91991,3850854821.0,0.04572803850781959,
2025-11-11,002371.SZ,417.6,415.5,424.47,414.55,66902,2796597616.0,0.5688006777199606,
2025-11-12,002371.SZ,412.06,413.15,420.0,406.52,62771,2599972492.0,-0.12570406362560904,
2025-11-13,002371.SZ,413.29,413.67,418.54,407.29,53187,2187295606.0,1.5141104294478458,
2025-11-14,002371.SZ,409.0,407.5,413.26,403.67,48452,1981111494.0,1.7021064190875457,
2025-11-17,002371.SZ,406.94,400.68,415.0,400.66,56930,2310801437.0,-5.366084081247036,
2025-11-18,002371.SZ,399.9,423.4,435.0,398.6,154452,6525482351.0,0.9802284814805828,
2025-11-19,002371.SZ,422.0,419.29,427.9,418.0,56304,2375844101.0,3.5283950617283955,
2025-11-20,002371.SZ,424.0,405.0,425.0,404.18,73135,2991979621.0,4.6890347929483545,
2025-11-21,002371.SZ,395.26,386.86,400.92,386.62,98811,3882186365.0,-7.058427830098024,
2025-11-24,002371.SZ,389.85,416.24,423.0,389.85,155762,6329570543.0,-0.42105263157894424,
2025-11-25,002371.SZ,422.0,418.0,424.29,415.2,61604,2580178403.0,-0.8797514879893664,
2025-11-26,002371.SZ,420.01,421.71,426.29,415.38,58039,2452043766.0,-0.06872037914692486,
2025-11-27,002371.SZ,422.88,422.0,432.88,418.88,64146,2732297241.0,-1.3788268286982874,
2025-11-28,002371.SZ,418.99,427.9,434.5,417.0,77290,3310104783.0,-4.1571473368274825,
2025-12-01,002371.SZ,427.92,446.46,447.0,423.4,84879,3706256202.0,3.0419128508124116,
2025-12-02,002371.SZ,442.58,433.28,444.98,430.0,65224,2843819437.0,-0.13138181399102722,
2025-12-03,002371.SZ,432.09,433.85,441.6,432.01,40337,1757323939.0,-3.543876031036708,
2025-12-04,002371.SZ,428.67,449.79,456.2,424.93,79988,3550218706.0,-0.1576026637069905,
2025-12-05,002371.SZ,445.99,450.5,455.7,445.98,61506,2770672048.0,-2.699784017278617,
2025-12-08,002371.SZ,450.1,463.0,467.56,443.86,82752,3782846798.0,1.2110348445765862,
2025-12-09,002371.SZ,461.0,457.46,466.0,453.35,61637,2833064388.0,-0.2333544151963851,
2025-12-10,002371.SZ,456.86,458.53,459.99,449.63,47889,2180510925.0,1.1984109468108572,
2025-12-11,002371.SZ,459.53,453.1,460.9,452.16,53485,2445712728.0,-0.43946385409799893,
2025-12-12,002371.SZ,454.1,455.1,462.67,441.72,79898,3616340023.0,1.3585746102450003,
2025-12-15,002371.SZ,460.78,449.0,468.0,447.39,83219,3801040046.0,1.3818641618497107,
2025-12-16,002371.SZ,445.0,442.88,449.97,438.38,53586,2373964297.0,-0.4182218824481776,
2025-12-17,002371.SZ,441.71,444.74,448.63,436.88,60970,2698003801.0,0.3701196118257588,
2025-12-18,002371.SZ,441.0,443.1,447.62,438.07,41921,1856899920.0,-1.1731644214470482,
2025-12-19,002371.SZ,446.0,448.36,458.7,445.37,51489,2325618972.0,-3.640661938534273,
2025-12-22,002371.SZ,449.05,465.3,468.5,449.01,70408,3263824936.0,-3.3484275684433573,
2025-12-23,002371.SZ,466.0,481.42,488.87,464.0,88254,4255347386.0,0.06651423820411839,
2025-12-24,002371.SZ,481.0,481.1,485.01,477.0,50247,2416545166.0,1.6694843617920618,
2025-12-25,002371.SZ,480.0,473.2,482.98,470.2,44614,2117177367.0,3.091435916428842,
2025-12-26,002371.SZ,472.1,459.01,473.15,456.39,81137,3745765256.0,1.3714664310954028,
2025-12-29,002371.SZ,460.38,452.8,462.58,450.01,86592,3926760544.0,-1.350762527233118,
2025-12-30,002371.SZ,453.25,459.0,471.93,453.25,101558,4696510396.0,-0.017426156661148884,
2025-12-31,002371.SZ,470.15,459.08,472.94,453.34,85462,3950405006.0,-3.251775515795241,
2026-01-05,002371.SZ,468.0,474.51,475.0,462.01,112921,5319769982.0,-2.3581702574233088,
2026-01-06,002371.SZ,474.51,485.97,508.99,473.5,155473,7644239551.0,-5.71378681463659,
2026-01-07,002371.SZ,493.0,515.42,523.97,493.0,176757,9062140592.0,1.7269623226162878,
2026-01-08,002371.SZ,515.42,506.67,522.0,504.53,97129,4957720982.0,1.8432160804020103,
2026-01-09,002371.SZ,503.0,497.5,511.08,491.0,108322,5401690887.0,-0.8667928663943503,
2026-01-12,002371.SZ,498.03,501.85,511.7,498.03,111783,5639229615.0,2.376580987352117,
2026-01-13,002371.SZ,500.0,490.2,512.53,489.1,93964,4685010314.0,-0.6284208392459023,
2026-01-14,002371.SZ,491.0,493.3,504.28,487.0,98305,4867733768.0,-2.650326603911357,
2026-01-15,002371.SZ,490.02,506.73,508.98,482.5,124936,6176506637.0,-3.2736504543025124,
2026-01-16,002371.SZ,513.0,523.88,534.0,511.31,143116,7502983112.0,0.001908870521316608,
2026-01-19,002371.SZ,529.9,523.87,533.0,521.0,81842,4310081217.0,1.8805912096460542,
2026-01-20,002371.SZ,521.0,514.2,531.22,511.05,71653,3716117416.0,0.8848515764484421,
2026-01-21,002371.SZ,512.99,509.69,528.8,507.68,111711,5743007931.0,1.8239571679718791,
2026-01-22,002371.SZ,515.5,500.56,517.09,498.0,94279,4749427406.0,-1.9221349217234507,
2026-01-23,002371.SZ,502.0,510.37,510.88,495.0,92673,4662373196.0,2.851557776792557,
2026-01-26,002371.SZ,508.1,496.22,508.1,489.0,90351,4491201620.0,-0.2933611959492044,
2026-01-27,002371.SZ,494.04,497.68,507.88,493.11,76917,3854776905.0,-0.8605577689242971,
2026-01-28,002371.SZ,502.39,502.0,507.77,492.0,118823,5937796274.0,5.601952163577839,
2026-01-29,002371.SZ,496.98,475.37,499.0,475.0,138079,6653520107.0,0.029459419649424667,
2026-01-30,002371.SZ,472.42,475.23,479.98,466.03,87924,4177203559.0,2.9460823603318698,
2026-02-02,002371.SZ,471.66,461.63,473.0,461.01,95494,4440629428.0,-2.4017421087126567,
2026-02-03,002371.SZ,466.5,472.99,476.19,462.23,96087,4493199061.0,0.507862303442419,
2026-02-04,002371.SZ,468.03,470.6,476.0,464.5,60657,2851083497.0,0.10210159108312578,
2026-02-05,002371.SZ,463.0,470.12,472.5,455.49,77070,3566880624.0,-0.4468161700866169,
2026-02-06,002371.SZ,467.99,472.23,479.99,465.0,83364,3950399259.0,-2.4318181818181794,
2026-02-09,002371.SZ,479.09,484.0,488.76,476.0,69534,3360691566.0,0.2277904328018332,
2026-02-10,002371.SZ,487.95,482.9,487.95,480.3,44620,2155197317.0,1.663157894736833,
2026-02-11,002371.SZ,478.8,475.0,481.0,471.0,44540,2115590183.0000002,-0.010525207872857933,
2026-02-12,002371.SZ,477.53,475.05,478.0,471.39,51148,2426322123.0,-2.277215502345098,
2026-02-13,002371.SZ,479.79,486.12,496.65,475.18,110623,5412244736.0,-0.2482917119816075,
2026-02-24,002371.SZ,491.8,487.33,494.0,476.03,67827,3294753842.0,-1.7479838709677398,
2026-02-25,002371.SZ,488.47,496.0,499.68,480.77,78891,3883655146.0,1.4563901161839254,
2026-02-26,002371.SZ,496.0,488.88,498.63,483.3,67890,3313328019.0,3.6026108332626983,
2026-02-27,002371.SZ,481.12,471.88,482.0,466.0,88904,4187505127.0,1.305281236582223,
2026-03-02,002371.SZ,464.56,465.8,471.31,460.03,82859,3850820274.0,4.4020082481620815,
2026-03-03,002371.SZ,465.99,446.16,469.77,446.08,78933,3596900498.0,-0.588235294117645,
2026-03-04,002371.SZ,443.22,448.8,455.85,443.0,63470,2854673206.0,-3.7488204512310164,
2026-03-05,002371.SZ,456.8,466.28,472.26,454.97,79817,3707634149.0,0.19339034767287266,
2026-03-06,002371.SZ,463.49,465.38,471.36,460.88,45442,2122639077.0,2.8145987981619047,
2026-03-09,002371.SZ,448.0,452.64,453.55,435.5,95093,4213740206.0,-0.9540481400437617,
2026-03-10,002371.SZ,459.0,457.0,460.6,452.56,54389,2488145314.0,-1.0801099590900254,
2026-03-11,002371.SZ,456.93,461.99,462.68,450.06,67934,3093329231.0,0.8733815148802337,
2026-03-12,002371.SZ,457.0,457.99,462.0,450.84,67477,3074791532.0,0.024023761684288658,
2026-03-13,002371.SZ,450.0,457.88,464.7,449.1,64468,2966622310.0,0.6971476325570158,
2026-03-16,002371.SZ,455.55,454.71,457.8,442.03,73654,3305741078.0,1.0466666666666624,
2026-03-17,002371.SZ,456.01,450.0,464.36,449.0,53995,2468580510.0,-2.692182938696075,
2026-03-18,002371.SZ,453.7,462.45,464.0,451.5,65997,3026579754.0,0.17763143643176882,
2026-03-19,002371.SZ,457.59,461.63,465.19,454.01,51043,2352971888.0,-1.5126301416624077,
2026-03-20,002371.SZ,461.48,468.72,474.02,458.5,81385,3819509328.0,5.474920677783035,
2026-03-23,002371.SZ,461.5,444.39,462.0,443.0,77369,3490316139.0,0.08783783783783417,
2026-03-24,002371.SZ,449.59,444.0,453.45,437.79,47309,2106050782.0000002,-4.351572598018095,
2026-03-25,002371.SZ,449.9,464.2,467.6,448.39,87336,4041525504.0,4.055053686310539,
2026-03-26,002371.SZ,459.56,446.11,461.6,445.7,61011,2762834601.0,-1.5166232504746358,
2026-03-27,002371.SZ,439.5,452.98,457.97,434.5,58053,2599078396.0,-3.382817165770835,
2026-03-30,002371.SZ,444.11,468.84,470.01,442.12,80806,3706791312.0,4.885906040268462,
2026-03-31,002371.SZ,464.9,447.0,466.99,447.0,69566,3161360380.0,-0.7835216300801195,
2026-04-01,002371.SZ,455.2,450.53,461.24,450.02,63355,2890025430.0,2.860730593607297,
2026-04-02,002371.SZ,450.59,438.0,451.8,435.22,74915,3301989550.0,2.7084066127330386,
2026-04-03,002371.SZ,439.1,426.45,440.6,424.06,66885,2875203483.0,0.5588568194680343,
2026-04-07,002371.SZ,425.06,424.08,431.0,422.25,45823,1950908380.0,-8.59950859950861,
2026-04-08,002371.SZ,437.0,463.98,465.97,437.0,141948,6447293265.0,-1.8737839438287662,
2026-04-09,002371.SZ,461.0,472.84,478.0,458.01,93028,4380051604.0,-0.8492524481536701,
2026-04-10,002371.SZ,475.0,476.89,484.41,475.0,77583,3723635013.0,0.929100529100535,
2026-04-13,002371.SZ,475.9,472.5,480.5,467.2,65089,3084163129.0,-1.8895348837209336,
2026-04-14,002371.SZ,478.0,481.6,492.0,476.11,74113,3586896150.0,1.3894736842105404,
2026-04-15,002371.SZ,483.06,475.0,485.0,473.99,63951,3065523285.0,0.3040797364642245,
2026-04-16,002371.SZ,475.0,473.56,477.88,467.64,63247,2981816295.0,0.7767444829861025,
2026-04-17,002371.SZ,470.0,469.91,476.5,464.8,95465,4481463211.0,-0.2801179890923766,
2026-04-20,002371.SZ,447.0,471.23,476.13,445.0,186837,8616839068.0,4.634070521360689,
2026-04-21,002371.SZ,471.96,450.36,472.0,446.71,160056,7231305511.0,-5.772570352547335,
2026-04-22,002371.SZ,449.0,477.95,478.0,448.0,174382,8193670758.0,0.6210526315789444,
2026-04-23,002371.SZ,478.0,475.0,484.95,470.58,97352,4647452972.0,0.4865665326845736,
2026-04-24,002371.SZ,475.03,472.7,485.22,463.8,129793,6164129852.0,-8.435835351089594,
2026-04-27,002371.SZ,481.2,516.25,519.9,475.96,204329,10278053349.0,-0.1856112604164739,
2026-04-28,002371.SZ,511.54,517.21,537.25,504.0,138253,7207868964.0,1.272737953045766,
2026-04-29,002371.SZ,510.22,510.71,517.22,502.2,93025,4737543676.0,-4.893945883536011,
2026-04-30,002371.SZ,519.18,536.99,541.16,507.09,165925,8805165448.0,-1.5329604840927824,
2026-05-06,002371.SZ,555.0,545.35,567.0,545.0,160277,8898490131.0,-1.2297605679718826,
2026-05-07,002371.SZ,555.0,552.14,556.71,535.0,97221,5339398131.0,2.098781412378181,
2026-05-08,002371.SZ,543.0,540.79,554.8,537.2,82457,4475463104.0,-5.652575934681359,
2026-05-11,002371.SZ,549.98,573.19,585.0,548.0,144629,8226442870.0,-1.4205864648722977,
2026-05-12,002371.SZ,573.19,581.45,584.0,564.0,112135,6433742980.0,0.0774526678141152,
2026-05-13,002371.SZ,570.99,581.0,588.0,550.5,138387,7878763219.0,2.941176470588247,
2026-05-14,002371.SZ,581.0,564.4,592.66,563.43,102707,5897833137.0,-4.662162162162165,
2026-05-15,002371.SZ,569.8,592.0,620.84,555.0,232994,13839689388.0,-0.9983778450423975,
2026-05-18,002371.SZ,601.0,597.97,623.27,592.76,175235,10601040073.0,-3.506535420364698,
2026-05-19,002371.SZ,590.0,619.7,627.17,581.5,144594,8822267528.0,-5.53353658536585,
2026-05-20,002371.SZ,618.0,656.0,660.0,614.0,164059,10520821530.0,-1.0543145447140967,
2026-05-21,002371.SZ,656.8,662.99,721.6,656.7,231618,15989585023.0,-0.8983557548579935,
2026-05-22,002371.SZ,663.03,669.0,673.0,637.0,198562,12983362651.0,-4.180810381128353,
2026-05-25,002371.SZ,650.13,698.19,719.05,626.11,204121,13734699753.0,4.168593808280496,
2026-05-26,002371.SZ,690.0,670.25,701.0,656.66,148547,9987761068.0,2.3641889518456916,
2026-05-27,002371.SZ,675.0,654.77,692.0,650.6,138670,9316824887.0,-0.6418816388467419,
2026-05-28,002371.SZ,650.0,659.0,668.67,646.88,112599,7404040632.0,4.624763840157486,
2026-05-29,002371.SZ,656.12,629.87,659.0,623.78,147460,9395846450.0,6.7775347946227305,
2026-06-01,002371.SZ,624.99,589.89,629.8,588.92,151000,9081578562.0,-2.141672196416722,
2026-06-02,002371.SZ,586.1,602.8,615.79,584.19,126306,7607842357.0,-1.9582330362370781,
2026-06-03,002371.SZ,602.81,614.84,633.66,594.0,144161,8857781075.0,-1.9393939393939297,
2026-06-04,002371.SZ,610.14,627.0,637.85,606.0,120620,7582080352.0,3.9180588703261687,
2026-06-05,002371.SZ,615.0,603.36,619.59,600.0,80843,4927541316.0,3.008160617338751,
2026-06-08,002371.SZ,570.04,585.74,598.8,568.22,97859,5746335589.0,-5.0818343866472215,
2026-06-09,002371.SZ,601.02,617.1,619.8,594.59,102005,6210398732.26,-0.33914728682170603,
2026-06-10,002371.SZ,615.0,619.2,641.01,610.0,106912,6682089136.88,-2.8705882352941137,
2026-06-11,002371.SZ,624.85,637.5,648.0,620.0,113666,7233711953.38,-4.450006744705415,
2026-06-12,002371.SZ,666.19,667.19,680.99,655.18,153480,10273824816.7,-2.203101638767546,
2026-06-15,002371.SZ,669.8,682.22,687.66,640.0,125640,8419209358.379999,1.4921376396554553,
2026-06-16,002371.SZ,680.0,672.19,681.9,660.36,86768,5816489199.76,-4.5482945670387025,
2026-06-17,002371.SZ,660.39,704.22,705.0,657.0,113479,7737166593.57,-2.332741595473198,
2026-06-18,002371.SZ,704.98,721.04,733.88,703.7,104611,7528527762.34,-3.2161073825503372,
2026-06-22,002371.SZ,739.98,745.0,758.0,723.47,107526,7964031580.49,-0.33311482427859085,
2026-06-23,002371.SZ,748.72,747.49,762.0,721.0,99685,7407390870.71,-2.932200968743104,
2026-06-24,002371.SZ,727.07,770.07,774.5,727.0,131087,9923151131.44,-3.499999999999992,
2026-06-25,002371.SZ,778.0,798.0,810.0,775.0,118839,9454404907.199999,-1.88966890836888,
2026-06-26,002371.SZ,795.0,813.37,828.0,782.17,124030,10009100572.6,,
